{"cameraMode":{"drawMode":0,"name":"Shaded","section":"Shading Mode"},"sceneLighting":false,"audioPlay":false,"sceneViewState":{"m_AlwaysRefresh":false,"showFog":true,"showSkybox":false,"showFlares":true,"showImageEffects":true,"showParticleSystems":true,"showVisualEffectGraphs":true,"m_FxEnabled":true},"in2DMode":false,"pivot":{"x":0.007145524024963379,"y":0.9643058180809021,"z":-46.099788665771487},"rotation":{"x":0.005999541841447353,"y":0.011999418959021569,"z":-0.00007199966785265133,"w":0.9999135136604309},"size":1.672724723815918,"orthographic":false}