{"cameraMode":{"drawMode":0,"name":"Shaded","section":"Shading Mode"},"sceneLighting":false,"audioPlay":false,"sceneViewState":{"m_AlwaysRefresh":false,"showFog":true,"showSkybox":false,"showFlares":true,"showImageEffects":true,"showParticleSystems":true,"showVisualEffectGraphs":true,"m_FxEnabled":true},"in2DMode":false,"pivot":{"x":1.0753034353256226,"y":-0.010590389370918274,"z":-0.48365628719329836},"rotation":{"x":0.0344129242002964,"y":-0.6960533857345581,"z":0.033436547964811328,"w":0.7163916230201721},"size":0.8948146104812622,"orthographic":false}